Id,Relative Compactness,Surface Area,Wall Area,Roof Area,Overall Height,Orientation,Glazing Area,Glazing Area Distribution,Heating Load
0,0.62,808.5,367.5,220.5,3.5,2,0.4,3,16.47
1,0.66,759.5,318.5,220.5,3.5,2,0.25,1,13.17
2,0.98,514.5,294.0,110.25,7.0,2,0.4,3,32.82
3,0.79,637.0,343.0,147.0,7.0,4,0.4,4,41.32
4,0.64,784.0,343.0,220.5,3.5,3,0.25,4,16.69
5,0.82,612.5,318.5,147.0,7.0,2,0.1,4,23.8
6,0.98,514.5,294.0,110.25,7.0,3,0.1,2,24.31
7,0.98,514.5,294.0,110.25,7.0,2,0.25,2,28.67
8,0.64,784.0,343.0,220.5,3.5,2,0.4,1,19.52
9,0.9,563.5,318.5,122.5,7.0,2,0.1,3,28.07
10,0.64,784.0,343.0,220.5,3.5,5,0.4,3,18.46
11,0.76,661.5,416.5,122.5,7.0,2,0.1,4,33.08
12,0.9,563.5,318.5,122.5,7.0,5,0.1,4,29.79
13,0.74,686.0,245.0,220.5,3.5,3,0.1,5,10.37
14,0.64,784.0,343.0,220.5,3.5,2,0.4,5,17.69
15,0.76,661.5,416.5,122.5,7.0,2,0.25,2,36.95
16,0.76,661.5,416.5,122.5,7.0,3,0.25,5,36.64
17,0.74,686.0,245.0,220.5,3.5,3,0.25,4,12.3
18,0.71,710.5,269.5,220.5,3.5,2,0.4,2,14.7
19,0.76,661.5,416.5,122.5,7.0,3,0.1,4,32.38
20,0.82,612.5,318.5,147.0,7.0,2,0.4,3,28.67
21,0.79,637.0,343.0,147.0,7.0,2,0.4,1,41.4
22,0.66,759.5,318.5,220.5,3.5,4,0.1,1,11.7
23,0.79,637.0,343.0,147.0,7.0,2,0.1,4,36.86
24,0.64,784.0,343.0,220.5,3.5,3,0.1,5,15.37
25,0.79,637.0,343.0,147.0,7.0,3,0.1,4,35.89
26,0.9,563.5,318.5,122.5,7.0,3,0.4,2,36.57
27,0.82,612.5,318.5,147.0,7.0,5,0.4,3,28.91
28,0.64,784.0,343.0,220.5,3.5,2,0.25,1,17.5
29,0.62,808.5,367.5,220.5,3.5,5,0.25,3,13.99
30,0.74,686.0,245.0,220.5,3.5,2,0.1,2,10.42
31,0.74,686.0,245.0,220.5,3.5,5,0.25,2,12.3
32,0.64,784.0,343.0,220.5,3.5,3,0.25,3,16.93
33,0.82,612.5,318.5,147.0,7.0,2,0.25,1,26.84
34,0.79,637.0,343.0,147.0,7.0,5,0.1,1,35.94
35,0.98,514.5,294.0,110.25,7.0,4,0.25,2,28.18
36,0.98,514.5,294.0,110.25,7.0,5,0.4,2,32.72
37,0.79,637.0,343.0,147.0,7.0,4,0.1,1,36.9
38,0.9,563.5,318.5,122.5,7.0,4,0.4,2,36.06
39,0.71,710.5,269.5,220.5,3.5,4,0.1,1,10.7
40,0.98,514.5,294.0,110.25,7.0,4,0.25,5,28.15
41,0.74,686.0,245.0,220.5,3.5,2,0.25,4,12.32
42,0.71,710.5,269.5,220.5,3.5,4,0.0,0,6.37
43,0.86,588.0,294.0,147.0,7.0,5,0.4,3,31.84
44,0.69,735.0,294.0,220.5,3.5,3,0.0,0,6.79
45,0.71,710.5,269.5,220.5,3.5,5,0.0,0,6.4
46,0.66,759.5,318.5,220.5,3.5,5,0.0,0,7.1
47,0.71,710.5,269.5,220.5,3.5,3,0.1,1,10.8
48,0.86,588.0,294.0,147.0,7.0,5,0.25,1,28.66
49,0.9,563.5,318.5,122.5,7.0,5,0.25,5,32.46
50,0.9,563.5,318.5,122.5,7.0,3,0.4,3,34.95
51,0.66,759.5,318.5,220.5,3.5,2,0.25,5,12.93
52,0.66,759.5,318.5,220.5,3.5,5,0.25,2,13.0
53,0.79,637.0,343.0,147.0,7.0,5,0.25,4,40.12
54,0.71,710.5,269.5,220.5,3.5,5,0.25,5,12.27
55,0.64,784.0,343.0,220.5,3.5,4,0.1,4,15.32
56,0.74,686.0,245.0,220.5,3.5,3,0.25,2,12.45
57,0.82,612.5,318.5,147.0,7.0,4,0.25,5,24.6
58,0.76,661.5,416.5,122.5,7.0,2,0.4,4,40.68
59,0.76,661.5,416.5,122.5,7.0,2,0.25,3,35.99
60,0.69,735.0,294.0,220.5,3.5,4,0.4,5,14.37
61,0.62,808.5,367.5,220.5,3.5,2,0.4,5,16.54
62,0.66,759.5,318.5,220.5,3.5,5,0.25,5,13.02
63,0.82,612.5,318.5,147.0,7.0,4,0.1,5,22.89
64,0.98,514.5,294.0,110.25,7.0,5,0.25,5,28.61
65,0.79,637.0,343.0,147.0,7.0,5,0.1,4,37.1
66,0.79,637.0,343.0,147.0,7.0,4,0.1,4,35.45
67,0.66,759.5,318.5,220.5,3.5,2,0.1,1,11.68
68,0.62,808.5,367.5,220.5,3.5,5,0.1,4,13.0
69,0.74,686.0,245.0,220.5,3.5,3,0.25,3,12.03
70,0.9,563.5,318.5,122.5,7.0,4,0.1,1,29.14
71,0.98,514.5,294.0,110.25,7.0,2,0.4,5,32.84
72,0.69,735.0,294.0,220.5,3.5,2,0.25,5,12.47
73,0.82,612.5,318.5,147.0,7.0,3,0.1,2,24.23
74,0.86,588.0,294.0,147.0,7.0,5,0.4,2,31.64
75,0.74,686.0,245.0,220.5,3.5,4,0.25,2,12.16
76,0.82,612.5,318.5,147.0,7.0,4,0.4,5,29.06
77,0.82,612.5,318.5,147.0,7.0,2,0.25,3,24.7
78,0.98,514.5,294.0,110.25,7.0,2,0.4,1,32.26
79,0.86,588.0,294.0,147.0,7.0,4,0.0,0,19.34
80,0.98,514.5,294.0,110.25,7.0,2,0.1,4,24.38
81,0.79,637.0,343.0,147.0,7.0,2,0.25,4,40.0
82,0.71,710.5,269.5,220.5,3.5,4,0.1,3,10.68
83,0.62,808.5,367.5,220.5,3.5,2,0.25,3,13.91
84,0.66,759.5,318.5,220.5,3.5,3,0.1,3,11.6
85,0.71,710.5,269.5,220.5,3.5,2,0.4,5,12.43
86,0.86,588.0,294.0,147.0,7.0,5,0.1,3,26.46
87,0.76,661.5,416.5,122.5,7.0,3,0.25,1,36.13
88,0.79,637.0,343.0,147.0,7.0,3,0.1,1,37.12
89,0.64,784.0,343.0,220.5,3.5,5,0.25,1,17.37
90,0.64,784.0,343.0,220.5,3.5,3,0.1,2,15.18
91,0.82,612.5,318.5,147.0,7.0,4,0.25,2,25.38
92,0.69,735.0,294.0,220.5,3.5,3,0.1,1,11.13
93,0.66,759.5,318.5,220.5,3.5,2,0.25,4,12.95
94,0.76,661.5,416.5,122.5,7.0,3,0.25,3,36.59
95,0.66,759.5,318.5,220.5,3.5,4,0.25,4,12.86
96,0.86,588.0,294.0,147.0,7.0,4,0.1,5,25.36
97,0.86,588.0,294.0,147.0,7.0,4,0.25,5,28.31
98,0.71,710.5,269.5,220.5,3.5,2,0.1,4,10.66
99,0.71,710.5,269.5,220.5,3.5,2,0.1,1,10.71
100,0.76,661.5,416.5,122.5,7.0,2,0.4,1,40.78
101,0.98,514.5,294.0,110.25,7.0,4,0.25,1,28.37
102,0.74,686.0,245.0,220.5,3.5,2,0.1,1,10.36
103,0.9,563.5,318.5,122.5,7.0,2,0.1,5,29.83
104,0.86,588.0,294.0,147.0,7.0,4,0.25,3,29.43
105,0.62,808.5,367.5,220.5,3.5,2,0.4,2,16.76
106,0.82,612.5,318.5,147.0,7.0,5,0.1,1,22.58
107,0.62,808.5,367.5,220.5,3.5,2,0.4,4,16.44
108,0.69,735.0,294.0,220.5,3.5,5,0.4,3,14.08
109,0.74,686.0,245.0,220.5,3.5,4,0.25,1,12.41
110,0.76,661.5,416.5,122.5,7.0,4,0.1,2,33.12
111,0.86,588.0,294.0,147.0,7.0,2,0.4,5,32.31
112,0.98,514.5,294.0,110.25,7.0,3,0.1,1,24.63
113,0.66,759.5,318.5,220.5,3.5,4,0.4,3,14.72
114,0.74,686.0,245.0,220.5,3.5,5,0.25,3,11.69
115,0.71,710.5,269.5,220.5,3.5,3,0.4,2,14.66
116,0.69,735.0,294.0,220.5,3.5,5,0.1,4,11.2
117,0.74,686.0,245.0,220.5,3.5,2,0.1,3,10.39
118,0.69,735.0,294.0,220.5,3.5,3,0.25,5,12.12
119,0.9,563.5,318.5,122.5,7.0,5,0.0,0,19.68
120,0.9,563.5,318.5,122.5,7.0,2,0.1,4,29.06
121,0.69,735.0,294.0,220.5,3.5,5,0.1,5,11.16
122,0.76,661.5,416.5,122.5,7.0,5,0.0,0,23.93
123,0.62,808.5,367.5,220.5,3.5,5,0.25,2,14.6
124,0.9,563.5,318.5,122.5,7.0,3,0.1,2,29.68
125,0.64,784.0,343.0,220.5,3.5,5,0.4,5,17.88
126,0.69,735.0,294.0,220.5,3.5,4,0.4,4,14.53
127,0.79,637.0,343.0,147.0,7.0,5,0.1,5,35.48
128,0.98,514.5,294.0,110.25,7.0,3,0.1,4,24.23
129,0.76,661.5,416.5,122.5,7.0,3,0.4,1,39.97
130,0.98,514.5,294.0,110.25,7.0,4,0.0,0,15.55
131,0.76,661.5,416.5,122.5,7.0,5,0.1,4,32.31
132,0.62,808.5,367.5,220.5,3.5,4,0.25,2,14.6
133,0.74,686.0,245.0,220.5,3.5,2,0.4,3,13.97
134,0.71,710.5,269.5,220.5,3.5,4,0.4,2,14.4
135,0.64,784.0,343.0,220.5,3.5,4,0.4,4,19.0
136,0.86,588.0,294.0,147.0,7.0,5,0.4,5,32.06
137,0.79,637.0,343.0,147.0,7.0,5,0.4,4,42.96
138,0.74,686.0,245.0,220.5,3.5,5,0.4,2,14.5
139,0.64,784.0,343.0,220.5,3.5,3,0.4,2,18.88
140,0.71,710.5,269.5,220.5,3.5,5,0.1,1,10.75
141,0.76,661.5,416.5,122.5,7.0,4,0.4,4,40.6
142,0.98,514.5,294.0,110.25,7.0,3,0.25,4,28.55
143,0.9,563.5,318.5,122.5,7.0,4,0.25,5,31.53
144,0.9,563.5,318.5,122.5,7.0,3,0.4,4,35.73
145,0.66,759.5,318.5,220.5,3.5,3,0.1,2,11.42
146,0.74,686.0,245.0,220.5,3.5,4,0.1,4,10.07
147,0.9,563.5,318.5,122.5,7.0,5,0.1,1,28.09
148,0.9,563.5,318.5,122.5,7.0,3,0.4,5,35.01
149,0.79,637.0,343.0,147.0,7.0,5,0.25,2,38.98
150,0.9,563.5,318.5,122.5,7.0,4,0.4,1,36.66
151,0.86,588.0,294.0,147.0,7.0,2,0.25,2,29.34
152,0.86,588.0,294.0,147.0,7.0,2,0.25,1,29.54
153,0.71,710.5,269.5,220.5,3.5,4,0.25,4,12.17
154,0.82,612.5,318.5,147.0,7.0,2,0.1,1,23.53
155,0.64,784.0,343.0,220.5,3.5,4,0.4,2,18.9
156,0.86,588.0,294.0,147.0,7.0,4,0.25,2,29.27
157,0.9,563.5,318.5,122.5,7.0,4,0.25,1,32.84
158,0.66,759.5,318.5,220.5,3.5,5,0.1,4,11.43
159,0.9,563.5,318.5,122.5,7.0,2,0.25,2,32.46
160,0.9,563.5,318.5,122.5,7.0,5,0.4,1,35.96
161,0.79,637.0,343.0,147.0,7.0,4,0.25,1,39.86
162,0.62,808.5,367.5,220.5,3.5,4,0.4,4,16.94
163,0.64,784.0,343.0,220.5,3.5,4,0.1,1,15.42
164,0.64,784.0,343.0,220.5,3.5,3,0.25,2,16.84
165,0.64,784.0,343.0,220.5,3.5,5,0.1,4,15.16
166,0.82,612.5,318.5,147.0,7.0,4,0.1,3,24.17
167,0.76,661.5,416.5,122.5,7.0,3,0.1,1,32.12
168,0.76,661.5,416.5,122.5,7.0,2,0.1,5,32.31
169,0.69,735.0,294.0,220.5,3.5,5,0.1,2,11.49
170,0.62,808.5,367.5,220.5,3.5,2,0.0,0,8.6
171,0.76,661.5,416.5,122.5,7.0,4,0.1,1,32.94
172,0.74,686.0,245.0,220.5,3.5,2,0.1,5,10.47
173,0.98,514.5,294.0,110.25,7.0,3,0.4,4,32.67
174,0.62,808.5,367.5,220.5,3.5,4,0.1,5,12.8
175,0.79,637.0,343.0,147.0,7.0,2,0.4,3,41.26
176,0.66,759.5,318.5,220.5,3.5,5,0.1,2,11.43
177,0.74,686.0,245.0,220.5,3.5,3,0.4,5,14.19
178,0.76,661.5,416.5,122.5,7.0,3,0.1,3,33.28
179,0.76,661.5,416.5,122.5,7.0,2,0.1,3,32.52
180,0.71,710.5,269.5,220.5,3.5,2,0.0,0,6.37
181,0.69,735.0,294.0,220.5,3.5,2,0.4,2,14.75
182,0.9,563.5,318.5,122.5,7.0,5,0.4,2,35.69
183,0.74,686.0,245.0,220.5,3.5,4,0.4,5,14.17
184,0.9,563.5,318.5,122.5,7.0,2,0.25,1,32.68
185,0.64,784.0,343.0,220.5,3.5,2,0.1,2,15.41
186,0.98,514.5,294.0,110.25,7.0,2,0.25,4,28.7
187,0.74,686.0,245.0,220.5,3.5,4,0.4,1,14.5
188,0.71,710.5,269.5,220.5,3.5,5,0.25,1,12.63
189,0.79,637.0,343.0,147.0,7.0,4,0.4,2,42.74
190,0.9,563.5,318.5,122.5,7.0,4,0.0,0,20.71
191,0.66,759.5,318.5,220.5,3.5,5,0.4,2,15.3
192,0.76,661.5,416.5,122.5,7.0,3,0.25,2,36.28
193,0.74,686.0,245.0,220.5,3.5,3,0.1,1,10.43
194,0.79,637.0,343.0,147.0,7.0,2,0.25,2,38.57
195,0.79,637.0,343.0,147.0,7.0,3,0.25,5,39.83
196,0.98,514.5,294.0,110.25,7.0,3,0.1,3,24.4
197,0.69,735.0,294.0,220.5,3.5,4,0.25,5,12.18
198,0.98,514.5,294.0,110.25,7.0,5,0.25,1,28.41
199,0.66,759.5,318.5,220.5,3.5,2,0.1,2,11.45
200,0.71,710.5,269.5,220.5,3.5,5,0.4,1,14.58
201,0.9,563.5,318.5,122.5,7.0,5,0.4,3,34.29
202,0.62,808.5,367.5,220.5,3.5,5,0.4,4,16.77
203,0.86,588.0,294.0,147.0,7.0,5,0.25,3,29.07
204,0.64,784.0,343.0,220.5,3.5,3,0.0,0,10.54
205,0.82,612.5,318.5,147.0,7.0,3,0.4,3,29.67
206,0.82,612.5,318.5,147.0,7.0,2,0.1,2,23.75
207,0.98,514.5,294.0,110.25,7.0,3,0.25,5,28.58
208,0.86,588.0,294.0,147.0,7.0,2,0.1,1,26.28
209,0.69,735.0,294.0,220.5,3.5,5,0.25,1,12.72
210,0.82,612.5,318.5,147.0,7.0,3,0.4,4,28.05
211,0.66,759.5,318.5,220.5,3.5,4,0.4,5,14.92
212,0.62,808.5,367.5,220.5,3.5,2,0.4,1,15.09
213,0.98,514.5,294.0,110.25,7.0,3,0.4,1,32.26
214,0.74,686.0,245.0,220.5,3.5,2,0.0,0,6.07
215,0.69,735.0,294.0,220.5,3.5,3,0.25,4,12.95
216,0.9,563.5,318.5,122.5,7.0,5,0.1,5,29.02
217,0.86,588.0,294.0,147.0,7.0,5,0.25,4,29.88
218,0.82,612.5,318.5,147.0,7.0,5,0.25,2,24.94
219,0.66,759.5,318.5,220.5,3.5,5,0.25,1,13.18
220,0.82,612.5,318.5,147.0,7.0,4,0.1,2,23.67
221,0.69,735.0,294.0,220.5,3.5,4,0.1,1,11.09
222,0.98,514.5,294.0,110.25,7.0,5,0.1,1,24.59
223,0.79,637.0,343.0,147.0,7.0,3,0.25,4,38.84
224,0.64,784.0,343.0,220.5,3.5,4,0.4,5,18.16
225,0.71,710.5,269.5,220.5,3.5,5,0.4,4,14.66
226,0.64,784.0,343.0,220.5,3.5,5,0.4,2,19.12
227,0.9,563.5,318.5,122.5,7.0,4,0.1,4,28.86
228,0.86,588.0,294.0,147.0,7.0,4,0.4,1,32.09
229,0.64,784.0,343.0,220.5,3.5,3,0.25,1,17.35
230,0.82,612.5,318.5,147.0,7.0,4,0.25,1,26.97
231,0.62,808.5,367.5,220.5,3.5,4,0.25,1,15.08
232,0.64,784.0,343.0,220.5,3.5,5,0.1,2,15.19
233,0.9,563.5,318.5,122.5,7.0,3,0.25,5,32.31
234,0.79,637.0,343.0,147.0,7.0,5,0.4,1,41.67
235,0.79,637.0,343.0,147.0,7.0,4,0.0,0,29.63
236,0.79,637.0,343.0,147.0,7.0,3,0.4,2,43.1
237,0.62,808.5,367.5,220.5,3.5,2,0.1,2,12.88
238,0.66,759.5,318.5,220.5,3.5,4,0.25,1,13.17
239,0.74,686.0,245.0,220.5,3.5,4,0.1,5,10.34
240,0.98,514.5,294.0,110.25,7.0,4,0.4,3,32.23
241,0.69,735.0,294.0,220.5,3.5,5,0.1,1,11.16
242,0.82,612.5,318.5,147.0,7.0,3,0.1,1,24.03
243,0.86,588.0,294.0,147.0,7.0,2,0.4,3,31.28
244,0.82,612.5,318.5,147.0,7.0,5,0.4,5,29.92
245,0.71,710.5,269.5,220.5,3.5,3,0.0,0,6.4
246,0.62,808.5,367.5,220.5,3.5,5,0.25,1,15.16
247,0.76,661.5,416.5,122.5,7.0,5,0.4,2,40.42
248,0.71,710.5,269.5,220.5,3.5,3,0.4,1,14.6
249,0.76,661.5,416.5,122.5,7.0,5,0.25,1,36.43
250,0.62,808.5,367.5,220.5,3.5,3,0.25,3,14.34
251,0.66,759.5,318.5,220.5,3.5,4,0.1,3,11.53
252,0.86,588.0,294.0,147.0,7.0,4,0.4,2,32.13
253,0.9,563.5,318.5,122.5,7.0,5,0.4,4,36.57
254,0.69,735.0,294.0,220.5,3.5,2,0.25,4,12.91
255,0.71,710.5,269.5,220.5,3.5,5,0.1,4,10.72
256,0.86,588.0,294.0,147.0,7.0,3,0.25,3,29.4
257,0.62,808.5,367.5,220.5,3.5,4,0.4,5,16.48
258,0.64,784.0,343.0,220.5,3.5,4,0.4,1,19.48
259,0.62,808.5,367.5,220.5,3.5,5,0.4,3,16.74
260,0.71,710.5,269.5,220.5,3.5,2,0.25,3,12.41
261,0.69,735.0,294.0,220.5,3.5,5,0.4,5,14.21
262,0.69,735.0,294.0,220.5,3.5,2,0.1,3,11.22
263,0.62,808.5,367.5,220.5,3.5,3,0.25,5,13.99
264,0.62,808.5,367.5,220.5,3.5,3,0.25,1,15.12
265,0.79,637.0,343.0,147.0,7.0,5,0.1,3,36.7
266,0.86,588.0,294.0,147.0,7.0,2,0.1,5,27.03
267,0.86,588.0,294.0,147.0,7.0,4,0.4,4,32.15
268,0.74,686.0,245.0,220.5,3.5,4,0.1,1,10.36
269,0.9,563.5,318.5,122.5,7.0,5,0.25,4,33.28
270,0.79,637.0,343.0,147.0,7.0,5,0.4,3,42.08
271,0.86,588.0,294.0,147.0,7.0,2,0.1,2,26.48
272,0.79,637.0,343.0,147.0,7.0,4,0.1,2,36.97
273,0.71,710.5,269.5,220.5,3.5,3,0.4,5,12.63
274,0.62,808.5,367.5,220.5,3.5,2,0.1,1,12.96
275,0.62,808.5,367.5,220.5,3.5,2,0.25,2,14.34
276,0.64,784.0,343.0,220.5,3.5,3,0.1,1,15.2
277,0.69,735.0,294.0,220.5,3.5,3,0.25,3,12.46
278,0.62,808.5,367.5,220.5,3.5,3,0.25,4,14.61
279,0.64,784.0,343.0,220.5,3.5,3,0.4,4,19.13
280,0.69,735.0,294.0,220.5,3.5,5,0.4,4,14.71
281,0.74,686.0,245.0,220.5,3.5,4,0.25,5,11.64
282,0.86,588.0,294.0,147.0,7.0,5,0.0,0,18.31
283,0.64,784.0,343.0,220.5,3.5,5,0.0,0,10.56
284,0.64,784.0,343.0,220.5,3.5,4,0.0,0,10.77
285,0.76,661.5,416.5,122.5,7.0,5,0.1,3,33.24
286,0.98,514.5,294.0,110.25,7.0,5,0.4,4,32.74
287,0.64,784.0,343.0,220.5,3.5,4,0.4,3,18.48
288,0.62,808.5,367.5,220.5,3.5,3,0.25,2,14.66
289,0.69,735.0,294.0,220.5,3.5,4,0.1,3,11.1
290,0.69,735.0,294.0,220.5,3.5,3,0.4,4,14.62
291,0.66,759.5,318.5,220.5,3.5,4,0.25,5,12.78
292,0.69,735.0,294.0,220.5,3.5,3,0.1,3,11.16
293,0.9,563.5,318.5,122.5,7.0,2,0.4,1,36.47
294,0.86,588.0,294.0,147.0,7.0,5,0.4,1,31.29
295,0.79,637.0,343.0,147.0,7.0,3,0.1,5,36.71
296,0.64,784.0,343.0,220.5,3.5,2,0.4,2,19.2
297,0.86,588.0,294.0,147.0,7.0,2,0.25,4,29.47
298,0.82,612.5,318.5,147.0,7.0,5,0.0,0,15.98
299,0.62,808.5,367.5,220.5,3.5,4,0.25,4,14.61
300,0.79,637.0,343.0,147.0,7.0,2,0.1,5,37.03
301,0.9,563.5,318.5,122.5,7.0,2,0.25,3,31.63
302,0.74,686.0,245.0,220.5,3.5,2,0.25,2,12.35
303,0.71,710.5,269.5,220.5,3.5,5,0.25,2,12.49
304,0.82,612.5,318.5,147.0,7.0,4,0.25,4,25.43
305,0.82,612.5,318.5,147.0,7.0,3,0.4,2,29.49
306,0.9,563.5,318.5,122.5,7.0,4,0.25,2,32.33
307,0.76,661.5,416.5,122.5,7.0,3,0.25,4,36.45
308,0.64,784.0,343.0,220.5,3.5,4,0.25,3,16.66
309,0.86,588.0,294.0,147.0,7.0,3,0.0,0,19.95
310,0.86,588.0,294.0,147.0,7.0,3,0.1,5,26.45
311,0.76,661.5,416.5,122.5,7.0,4,0.0,0,24.77
312,0.71,710.5,269.5,220.5,3.5,3,0.1,4,10.68
313,0.62,808.5,367.5,220.5,3.5,4,0.25,5,14.16
314,0.71,710.5,269.5,220.5,3.5,5,0.4,5,12.42
315,0.69,735.0,294.0,220.5,3.5,2,0.4,5,14.12
316,0.64,784.0,343.0,220.5,3.5,2,0.25,3,16.83
317,0.76,661.5,416.5,122.5,7.0,2,0.4,3,39.32
318,0.86,588.0,294.0,147.0,7.0,5,0.1,4,27.03
319,0.76,661.5,416.5,122.5,7.0,2,0.25,5,35.69
320,0.62,808.5,367.5,220.5,3.5,3,0.1,1,12.97
321,0.69,735.0,294.0,220.5,3.5,3,0.25,2,12.87
322,0.62,808.5,367.5,220.5,3.5,2,0.25,1,15.09
323,0.64,784.0,343.0,220.5,3.5,4,0.25,5,16.76
324,0.62,808.5,367.5,220.5,3.5,2,0.1,5,12.59
325,0.64,784.0,343.0,220.5,3.5,2,0.1,3,15.16
326,0.62,808.5,367.5,220.5,3.5,5,0.4,2,17.15
327,0.71,710.5,269.5,220.5,3.5,3,0.25,2,12.29
328,0.86,588.0,294.0,147.0,7.0,3,0.1,3,26.47
329,0.74,686.0,245.0,220.5,3.5,5,0.1,1,10.39
330,0.66,759.5,318.5,220.5,3.5,4,0.25,3,12.74
331,0.66,759.5,318.5,220.5,3.5,3,0.1,5,11.34
332,0.76,661.5,416.5,122.5,7.0,2,0.1,1,32.96
333,0.76,661.5,416.5,122.5,7.0,5,0.4,4,40.11
334,0.62,808.5,367.5,220.5,3.5,2,0.1,3,12.68
335,0.71,710.5,269.5,220.5,3.5,5,0.1,5,13.69
336,0.62,808.5,367.5,220.5,3.5,2,0.1,4,12.85
337,0.64,784.0,343.0,220.5,3.5,2,0.1,1,15.41
338,0.71,710.5,269.5,220.5,3.5,4,0.4,3,13.94
339,0.76,661.5,416.5,122.5,7.0,3,0.1,2,32.4
340,0.71,710.5,269.5,220.5,3.5,3,0.1,2,10.72
341,0.86,588.0,294.0,147.0,7.0,3,0.4,3,32.12
342,0.98,514.5,294.0,110.25,7.0,3,0.25,1,28.15
343,0.62,808.5,367.5,220.5,3.5,4,0.1,4,13.0
344,0.98,514.5,294.0,110.25,7.0,2,0.0,0,15.55
345,0.66,759.5,318.5,220.5,3.5,5,0.4,5,15.16
346,0.69,735.0,294.0,220.5,3.5,2,0.25,2,12.85
347,0.98,514.5,294.0,110.25,7.0,2,0.4,4,32.85
348,0.98,514.5,294.0,110.25,7.0,4,0.25,4,28.15
349,0.66,759.5,318.5,220.5,3.5,4,0.1,5,11.22
350,0.74,686.0,245.0,220.5,3.5,4,0.4,2,14.18
351,0.76,661.5,416.5,122.5,7.0,2,0.1,2,33.16
352,0.66,759.5,318.5,220.5,3.5,2,0.1,4,11.44
353,0.79,637.0,343.0,147.0,7.0,3,0.4,1,42.62
354,0.74,686.0,245.0,220.5,3.5,4,0.4,4,14.32
355,0.9,563.5,318.5,122.5,7.0,3,0.4,1,37.24
356,0.69,735.0,294.0,220.5,3.5,4,0.1,5,11.11
357,0.71,710.5,269.5,220.5,3.5,4,0.25,1,12.57
358,0.98,514.5,294.0,110.25,7.0,4,0.4,1,32.49
359,0.98,514.5,294.0,110.25,7.0,2,0.1,3,24.28
360,0.62,808.5,367.5,220.5,3.5,5,0.25,4,14.65
361,0.76,661.5,416.5,122.5,7.0,4,0.4,2,40.57
362,0.74,686.0,245.0,220.5,3.5,2,0.4,4,14.37
363,0.66,759.5,318.5,220.5,3.5,5,0.4,4,15.3
364,0.71,710.5,269.5,220.5,3.5,2,0.1,5,10.78
365,0.74,686.0,245.0,220.5,3.5,3,0.4,3,14.22
366,0.79,637.0,343.0,147.0,7.0,5,0.25,1,39.04
367,0.76,661.5,416.5,122.5,7.0,4,0.25,1,36.91
368,0.66,759.5,318.5,220.5,3.5,2,0.25,3,12.97
369,0.62,808.5,367.5,220.5,3.5,4,0.0,0,8.45
370,0.82,612.5,318.5,147.0,7.0,3,0.25,2,25.98
371,0.69,735.0,294.0,220.5,3.5,5,0.25,2,12.95
372,0.79,637.0,343.0,147.0,7.0,5,0.4,2,41.92
373,0.76,661.5,416.5,122.5,7.0,3,0.1,5,33.21
374,0.98,514.5,294.0,110.25,7.0,5,0.1,4,24.32
375,0.62,808.5,367.5,220.5,3.5,5,0.4,5,16.64
376,0.76,661.5,416.5,122.5,7.0,3,0.4,3,39.84
377,0.86,588.0,294.0,147.0,7.0,5,0.1,2,25.36
378,0.86,588.0,294.0,147.0,7.0,5,0.1,1,25.27
379,0.98,514.5,294.0,110.25,7.0,4,0.4,2,32.24
380,0.64,784.0,343.0,220.5,3.5,2,0.4,3,18.48
381,0.9,563.5,318.5,122.5,7.0,2,0.1,2,28.88
382,0.82,612.5,318.5,147.0,7.0,3,0.25,4,24.96
383,0.79,637.0,343.0,147.0,7.0,3,0.4,4,41.73
384,0.9,563.5,318.5,122.5,7.0,5,0.4,5,35.24
385,0.66,759.5,318.5,220.5,3.5,5,0.25,3,12.84
386,0.69,735.0,294.0,220.5,3.5,5,0.1,3,11.14
387,0.79,637.0,343.0,147.0,7.0,2,0.25,1,38.67
388,0.82,612.5,318.5,147.0,7.0,4,0.25,3,25.37
389,0.82,612.5,318.5,147.0,7.0,2,0.25,4,25.66
390,0.79,637.0,343.0,147.0,7.0,5,0.4,5,40.79
391,0.9,563.5,318.5,122.5,7.0,3,0.1,3,29.01
392,0.71,710.5,269.5,220.5,3.5,2,0.1,2,10.64
393,0.69,735.0,294.0,220.5,3.5,5,0.4,2,14.62
394,0.62,808.5,367.5,220.5,3.5,3,0.4,3,16.35
395,0.64,784.0,343.0,220.5,3.5,3,0.1,3,15.36
396,0.98,514.5,294.0,110.25,7.0,4,0.4,4,32.21
397,0.82,612.5,318.5,147.0,7.0,5,0.25,5,25.49
398,0.9,563.5,318.5,122.5,7.0,2,0.25,4,32.67
399,0.66,759.5,318.5,220.5,3.5,3,0.4,5,14.92
400,0.62,808.5,367.5,220.5,3.5,5,0.4,1,17.14
401,0.69,735.0,294.0,220.5,3.5,3,0.25,1,12.93
402,0.79,637.0,343.0,147.0,7.0,3,0.25,2,40.19
403,0.66,759.5,318.5,220.5,3.5,3,0.4,4,15.29
404,0.62,808.5,367.5,220.5,3.5,4,0.1,2,12.97
405,0.9,563.5,318.5,122.5,7.0,2,0.4,5,35.67
406,0.62,808.5,367.5,220.5,3.5,3,0.1,2,13.0
407,0.82,612.5,318.5,147.0,7.0,5,0.25,3,25.17
408,0.82,612.5,318.5,147.0,7.0,3,0.25,5,25.17
409,0.69,735.0,294.0,220.5,3.5,2,0.25,1,12.78
410,0.79,637.0,343.0,147.0,7.0,5,0.0,0,28.75
411,0.71,710.5,269.5,220.5,3.5,2,0.1,3,10.77
412,0.98,514.5,294.0,110.25,7.0,5,0.4,3,32.75
413,0.74,686.0,245.0,220.5,3.5,2,0.25,1,12.43
414,0.9,563.5,318.5,122.5,7.0,4,0.25,3,32.68
415,0.64,784.0,343.0,220.5,3.5,5,0.4,4,18.84
416,0.82,612.5,318.5,147.0,7.0,2,0.0,0,17.05
417,0.76,661.5,416.5,122.5,7.0,5,0.25,3,36.52
418,0.74,686.0,245.0,220.5,3.5,2,0.25,3,11.8
419,0.79,637.0,343.0,147.0,7.0,3,0.25,1,40.03
420,0.79,637.0,343.0,147.0,7.0,4,0.25,2,39.97
421,0.74,686.0,245.0,220.5,3.5,3,0.0,0,6.05
422,0.98,514.5,294.0,110.25,7.0,2,0.4,2,32.82
423,0.74,686.0,245.0,220.5,3.5,3,0.1,3,10.34
424,0.66,759.5,318.5,220.5,3.5,4,0.0,0,7.1
425,0.74,686.0,245.0,220.5,3.5,5,0.25,5,12.02
426,0.9,563.5,318.5,122.5,7.0,3,0.1,5,29.08
427,0.86,588.0,294.0,147.0,7.0,4,0.25,1,29.6
428,0.79,637.0,343.0,147.0,7.0,3,0.4,3,41.3
429,0.69,735.0,294.0,220.5,3.5,2,0.25,3,12.34
430,0.62,808.5,367.5,220.5,3.5,5,0.25,5,13.86
431,0.69,735.0,294.0,220.5,3.5,2,0.1,5,11.21
432,0.82,612.5,318.5,147.0,7.0,4,0.4,2,28.64
433,0.86,588.0,294.0,147.0,7.0,4,0.1,3,26.89
434,0.71,710.5,269.5,220.5,3.5,4,0.1,2,10.55
435,0.82,612.5,318.5,147.0,7.0,4,0.4,3,29.47
436,0.9,563.5,318.5,122.5,7.0,3,0.25,2,33.27
437,0.62,808.5,367.5,220.5,3.5,4,0.25,3,13.95
438,0.62,808.5,367.5,220.5,3.5,5,0.1,5,12.62
439,0.79,637.0,343.0,147.0,7.0,3,0.1,2,37.26
440,0.71,710.5,269.5,220.5,3.5,3,0.4,4,14.7
441,0.71,710.5,269.5,220.5,3.5,3,0.1,3,10.68
442,0.76,661.5,416.5,122.5,7.0,5,0.25,2,36.45
443,0.79,637.0,343.0,147.0,7.0,4,0.25,4,38.33
444,0.86,588.0,294.0,147.0,7.0,3,0.1,1,26.91
445,0.98,514.5,294.0,110.25,7.0,5,0.4,1,32.53
446,0.71,710.5,269.5,220.5,3.5,4,0.1,4,10.53
447,0.64,784.0,343.0,220.5,3.5,2,0.1,5,15.16
448,0.79,637.0,343.0,147.0,7.0,3,0.0,0,29.9
449,0.64,784.0,343.0,220.5,3.5,5,0.25,5,16.92
450,0.69,735.0,294.0,220.5,3.5,4,0.25,1,12.73
451,0.82,612.5,318.5,147.0,7.0,5,0.1,5,23.86
452,0.66,759.5,318.5,220.5,3.5,3,0.25,5,12.82
453,0.62,808.5,367.5,220.5,3.5,4,0.4,2,17.26
454,0.79,637.0,343.0,147.0,7.0,3,0.4,5,41.96
455,0.62,808.5,367.5,220.5,3.5,4,0.1,3,12.71
456,0.79,637.0,343.0,147.0,7.0,5,0.1,2,36.03
457,0.82,612.5,318.5,147.0,7.0,2,0.4,5,30.0
458,0.69,735.0,294.0,220.5,3.5,5,0.25,4,12.86
459,0.62,808.5,367.5,220.5,3.5,4,0.1,1,12.93
460,0.66,759.5,318.5,220.5,3.5,2,0.1,3,11.59
461,0.82,612.5,318.5,147.0,7.0,3,0.25,1,27.27
462,0.79,637.0,343.0,147.0,7.0,2,0.4,5,42.11
463,0.64,784.0,343.0,220.5,3.5,3,0.4,1,19.36
464,0.9,563.5,318.5,122.5,7.0,2,0.4,3,34.24
465,0.86,588.0,294.0,147.0,7.0,3,0.4,1,32.39
466,0.86,588.0,294.0,147.0,7.0,2,0.4,4,32.38
467,0.64,784.0,343.0,220.5,3.5,3,0.25,5,16.86
468,0.9,563.5,318.5,122.5,7.0,3,0.0,0,21.46
469,0.69,735.0,294.0,220.5,3.5,3,0.4,5,14.28
470,0.62,808.5,367.5,220.5,3.5,3,0.0,0,8.49
471,0.79,637.0,343.0,147.0,7.0,5,0.25,5,38.65
472,0.86,588.0,294.0,147.0,7.0,2,0.4,2,32.48
473,0.74,686.0,245.0,220.5,3.5,5,0.1,3,10.38
474,0.79,637.0,343.0,147.0,7.0,2,0.0,0,28.52
475,0.98,514.5,294.0,110.25,7.0,2,0.1,1,24.58
476,0.76,661.5,416.5,122.5,7.0,5,0.4,5,39.86
477,0.69,735.0,294.0,220.5,3.5,2,0.4,4,14.54
478,0.98,514.5,294.0,110.25,7.0,5,0.0,0,15.55
479,0.62,808.5,367.5,220.5,3.5,3,0.4,2,17.23
480,0.82,612.5,318.5,147.0,7.0,5,0.4,1,28.65
481,0.71,710.5,269.5,220.5,3.5,2,0.25,1,12.57
482,0.82,612.5,318.5,147.0,7.0,3,0.4,1,29.91
483,0.98,514.5,294.0,110.25,7.0,2,0.25,5,28.69
484,0.82,612.5,318.5,147.0,7.0,5,0.25,4,26.0
485,0.66,759.5,318.5,220.5,3.5,2,0.4,4,15.34
486,0.64,784.0,343.0,220.5,3.5,5,0.1,5,15.36
487,0.98,514.5,294.0,110.25,7.0,2,0.1,2,24.29
488,0.62,808.5,367.5,220.5,3.5,3,0.1,5,12.74
489,0.69,735.0,294.0,220.5,3.5,5,0.25,5,12.47
490,0.69,735.0,294.0,220.5,3.5,3,0.1,4,11.22
491,0.74,686.0,245.0,220.5,3.5,4,0.0,0,6.01
492,0.71,710.5,269.5,220.5,3.5,5,0.4,2,14.71
493,0.76,661.5,416.5,122.5,7.0,5,0.1,5,33.27
494,0.9,563.5,318.5,122.5,7.0,3,0.25,4,31.69
495,0.98,514.5,294.0,110.25,7.0,4,0.1,1,24.63
496,0.71,710.5,269.5,220.5,3.5,2,0.25,2,12.33
497,0.66,759.5,318.5,220.5,3.5,3,0.1,4,11.42
498,0.66,759.5,318.5,220.5,3.5,3,0.0,0,7.1
499,0.82,612.5,318.5,147.0,7.0,3,0.1,3,23.84
500,0.62,808.5,367.5,220.5,3.5,3,0.1,4,13.04
501,0.79,637.0,343.0,147.0,7.0,4,0.4,5,41.09
502,0.66,759.5,318.5,220.5,3.5,4,0.25,2,12.77
503,0.66,759.5,318.5,220.5,3.5,3,0.25,4,13.0
504,0.69,735.0,294.0,220.5,3.5,4,0.25,2,12.73
505,0.86,588.0,294.0,147.0,7.0,4,0.25,4,29.08
506,0.76,661.5,416.5,122.5,7.0,2,0.4,5,38.82
507,0.71,710.5,269.5,220.5,3.5,5,0.1,3,10.7
508,0.71,710.5,269.5,220.5,3.5,5,0.4,3,13.86
509,0.71,710.5,269.5,220.5,3.5,5,0.1,2,10.68
510,0.64,784.0,343.0,220.5,3.5,5,0.4,1,19.42
511,0.98,514.5,294.0,110.25,7.0,4,0.1,4,24.04
512,0.69,735.0,294.0,220.5,3.5,3,0.4,3,14.56
513,0.64,784.0,343.0,220.5,3.5,3,0.4,3,18.71
514,0.76,661.5,416.5,122.5,7.0,5,0.25,5,36.7
515,0.76,661.5,416.5,122.5,7.0,4,0.4,5,39.31
516,0.98,514.5,294.0,110.25,7.0,3,0.4,5,32.72
517,0.76,661.5,416.5,122.5,7.0,3,0.4,5,39.72
518,0.79,637.0,343.0,147.0,7.0,4,0.1,3,36.97
519,0.74,686.0,245.0,220.5,3.5,2,0.4,1,14.52
520,0.86,588.0,294.0,147.0,7.0,2,0.1,3,25.41
521,0.86,588.0,294.0,147.0,7.0,2,0.4,1,31.89
522,0.76,661.5,416.5,122.5,7.0,5,0.4,1,40.43
523,0.82,612.5,318.5,147.0,7.0,5,0.4,2,28.01
524,0.82,612.5,318.5,147.0,7.0,5,0.1,2,22.79
525,0.69,735.0,294.0,220.5,3.5,4,0.1,4,11.07
526,0.82,612.5,318.5,147.0,7.0,4,0.4,1,29.53
527,0.9,563.5,318.5,122.5,7.0,5,0.1,2,27.9
528,0.66,759.5,318.5,220.5,3.5,3,0.25,3,13.01
529,0.69,735.0,294.0,220.5,3.5,5,0.25,3,12.12
530,0.76,661.5,416.5,122.5,7.0,5,0.1,2,32.41
531,0.9,563.5,318.5,122.5,7.0,3,0.1,1,29.87
532,0.9,563.5,318.5,122.5,7.0,5,0.1,3,29.05
533,0.79,637.0,343.0,147.0,7.0,5,0.25,3,39.83
534,0.98,514.5,294.0,110.25,7.0,5,0.4,5,32.73
535,0.82,612.5,318.5,147.0,7.0,5,0.1,4,24.24
536,0.74,686.0,245.0,220.5,3.5,4,0.4,3,14.1
537,0.76,661.5,416.5,122.5,7.0,3,0.4,2,40.15
538,0.86,588.0,294.0,147.0,7.0,2,0.0,0,19.5
539,0.98,514.5,294.0,110.25,7.0,3,0.4,3,32.69
540,0.66,759.5,318.5,220.5,3.5,2,0.0,0,7.18
541,0.76,661.5,416.5,122.5,7.0,2,0.25,4,36.95
542,0.82,612.5,318.5,147.0,7.0,3,0.1,5,23.89
543,0.82,612.5,318.5,147.0,7.0,5,0.25,1,26.19
544,0.86,588.0,294.0,147.0,7.0,3,0.4,2,32.74
545,0.71,710.5,269.5,220.5,3.5,4,0.4,1,14.5
546,0.9,563.5,318.5,122.5,7.0,4,0.4,5,34.72
547,0.76,661.5,416.5,122.5,7.0,4,0.1,5,32.46
548,0.86,588.0,294.0,147.0,7.0,3,0.25,1,30.05
549,0.71,710.5,269.5,220.5,3.5,4,0.25,3,12.1
550,0.9,563.5,318.5,122.5,7.0,4,0.1,3,29.62
551,0.66,759.5,318.5,220.5,3.5,3,0.4,2,15.29
552,0.82,612.5,318.5,147.0,7.0,2,0.4,4,28.93
553,0.76,661.5,416.5,122.5,7.0,4,0.4,1,40.71
554,0.86,588.0,294.0,147.0,7.0,2,0.25,5,29.71
555,0.98,514.5,294.0,110.25,7.0,5,0.1,3,24.35
556,0.98,514.5,294.0,110.25,7.0,4,0.1,3,24.11
557,0.66,759.5,318.5,220.5,3.5,5,0.4,1,15.23
558,0.64,784.0,343.0,220.5,3.5,2,0.4,4,19.06
559,0.9,563.5,318.5,122.5,7.0,2,0.4,2,35.84
560,0.82,612.5,318.5,147.0,7.0,2,0.25,2,25.74
561,0.71,710.5,269.5,220.5,3.5,5,0.25,4,12.28
562,0.66,759.5,318.5,220.5,3.5,3,0.25,1,13.18
563,0.64,784.0,343.0,220.5,3.5,4,0.1,3,15.12
564,0.74,686.0,245.0,220.5,3.5,5,0.1,2,10.45
565,0.69,735.0,294.0,220.5,3.5,2,0.4,3,14.32
566,0.62,808.5,367.5,220.5,3.5,5,0.1,2,13.04
567,0.82,612.5,318.5,147.0,7.0,3,0.4,5,29.5
568,0.9,563.5,318.5,122.5,7.0,3,0.1,4,28.05
569,0.66,759.5,318.5,220.5,3.5,5,0.1,5,11.34
570,0.9,563.5,318.5,122.5,7.0,3,0.25,1,33.48
571,0.79,637.0,343.0,147.0,7.0,2,0.25,3,39.04
572,0.74,686.0,245.0,220.5,3.5,4,0.1,2,10.32
573,0.66,759.5,318.5,220.5,3.5,5,0.1,3,11.61
574,0.86,588.0,294.0,147.0,7.0,4,0.1,4,26.33
575,0.9,563.5,318.5,122.5,7.0,4,0.25,4,32.07
576,0.9,563.5,318.5,122.5,7.0,4,0.1,5,28.03
577,0.71,710.5,269.5,220.5,3.5,5,0.25,3,12.19
578,0.86,588.0,294.0,147.0,7.0,5,0.4,4,32.75
579,0.69,735.0,294.0,220.5,3.5,3,0.1,2,11.46
580,0.79,637.0,343.0,147.0,7.0,4,0.25,3,39.81
581,0.69,735.0,294.0,220.5,3.5,3,0.4,2,14.71
582,0.74,686.0,245.0,220.5,3.5,3,0.4,2,14.45
583,0.74,686.0,245.0,220.5,3.5,3,0.4,4,14.48
584,0.74,686.0,245.0,220.5,3.5,5,0.1,4,10.14
585,0.86,588.0,294.0,147.0,7.0,4,0.4,5,31.12
586,0.82,612.5,318.5,147.0,7.0,2,0.4,2,28.95
587,0.71,710.5,269.5,220.5,3.5,4,0.4,4,14.47
588,0.76,661.5,416.5,122.5,7.0,2,0.4,2,40.78
589,0.98,514.5,294.0,110.25,7.0,4,0.25,3,28.17
590,0.74,686.0,245.0,220.5,3.5,2,0.4,5,14.41
591,0.71,710.5,269.5,220.5,3.5,3,0.25,5,12.19
592,0.74,686.0,245.0,220.5,3.5,5,0.1,5,10.39
593,0.86,588.0,294.0,147.0,7.0,4,0.4,3,32.05
594,0.86,588.0,294.0,147.0,7.0,3,0.25,4,28.42
595,0.79,637.0,343.0,147.0,7.0,2,0.25,5,39.89
596,0.79,637.0,343.0,147.0,7.0,2,0.1,2,35.65
597,0.64,784.0,343.0,220.5,3.5,2,0.1,4,15.4
598,0.62,808.5,367.5,220.5,3.5,4,0.4,3,16.55
599,0.66,759.5,318.5,220.5,3.5,3,0.25,2,12.93
600,0.64,784.0,343.0,220.5,3.5,3,0.1,4,15.19
601,0.69,735.0,294.0,220.5,3.5,4,0.4,2,14.33
602,0.71,710.5,269.5,220.5,3.5,3,0.25,1,12.65
603,0.74,686.0,245.0,220.5,3.5,4,0.25,3,11.98
604,0.79,637.0,343.0,147.0,7.0,2,0.4,4,42.77
605,0.76,661.5,416.5,122.5,7.0,4,0.25,2,36.86
606,0.79,637.0,343.0,147.0,7.0,4,0.1,5,36.77
607,0.64,784.0,343.0,220.5,3.5,4,0.1,5,15.12
608,0.64,784.0,343.0,220.5,3.5,2,0.25,2,17.14
609,0.98,514.5,294.0,110.25,7.0,2,0.25,3,28.67
610,0.69,735.0,294.0,220.5,3.5,2,0.1,4,11.18
611,0.86,588.0,294.0,147.0,7.0,3,0.4,5,31.81
612,0.9,563.5,318.5,122.5,7.0,4,0.4,3,35.05
613,0.64,784.0,343.0,220.5,3.5,2,0.25,4,16.99
614,0.86,588.0,294.0,147.0,7.0,5,0.25,2,28.4
615,0.74,686.0,245.0,220.5,3.5,3,0.25,5,11.67
616,0.66,759.5,318.5,220.5,3.5,2,0.4,5,14.96
617,0.66,759.5,318.5,220.5,3.5,4,0.4,4,15.09
618,0.76,661.5,416.5,122.5,7.0,3,0.4,4,40.4
619,0.69,735.0,294.0,220.5,3.5,4,0.4,3,14.33
620,0.74,686.0,245.0,220.5,3.5,5,0.4,3,13.78
621,0.71,710.5,269.5,220.5,3.5,2,0.4,1,14.51
622,0.98,514.5,294.0,110.25,7.0,3,0.4,2,32.71
623,0.66,759.5,318.5,220.5,3.5,3,0.1,1,11.69
624,0.98,514.5,294.0,110.25,7.0,4,0.1,5,24.03
625,0.82,612.5,318.5,147.0,7.0,5,0.1,3,23.87
626,0.62,808.5,367.5,220.5,3.5,2,0.25,5,13.68
627,0.69,735.0,294.0,220.5,3.5,5,0.0,0,6.81
628,0.82,612.5,318.5,147.0,7.0,2,0.4,1,29.22
629,0.74,686.0,245.0,220.5,3.5,4,0.1,3,10.35
630,0.66,759.5,318.5,220.5,3.5,2,0.4,3,15.16
631,0.71,710.5,269.5,220.5,3.5,2,0.4,3,14.07
632,0.98,514.5,294.0,110.25,7.0,4,0.4,5,32.21
633,0.62,808.5,367.5,220.5,3.5,5,0.1,1,13.02
634,0.69,735.0,294.0,220.5,3.5,5,0.4,1,14.42
635,0.98,514.5,294.0,110.25,7.0,2,0.1,5,24.35
636,0.62,808.5,367.5,220.5,3.5,4,0.4,1,17.14
637,0.71,710.5,269.5,220.5,3.5,2,0.25,4,12.36
638,0.74,686.0,245.0,220.5,3.5,3,0.4,1,14.61
639,0.9,563.5,318.5,122.5,7.0,2,0.4,4,36.45
640,0.82,612.5,318.5,147.0,7.0,4,0.1,4,23.59
641,0.86,588.0,294.0,147.0,7.0,2,0.25,3,28.4
642,0.82,612.5,318.5,147.0,7.0,3,0.25,3,25.48
643,0.71,710.5,269.5,220.5,3.5,3,0.4,3,14.03
644,0.74,686.0,245.0,220.5,3.5,3,0.1,4,10.15
645,0.9,563.5,318.5,122.5,7.0,2,0.0,0,20.84
646,0.79,637.0,343.0,147.0,7.0,4,0.4,3,42.49
647,0.82,612.5,318.5,147.0,7.0,5,0.4,4,29.52
648,0.66,759.5,318.5,220.5,3.5,2,0.4,2,15.34
649,0.79,637.0,343.0,147.0,7.0,4,0.4,1,42.5
650,0.98,514.5,294.0,110.25,7.0,4,0.1,2,24.13
651,0.62,808.5,367.5,220.5,3.5,3,0.4,1,17.17
652,0.76,661.5,416.5,122.5,7.0,4,0.25,3,35.64
653,0.76,661.5,416.5,122.5,7.0,4,0.25,5,36.06
654,0.62,808.5,367.5,220.5,3.5,5,0.0,0,8.5
655,0.69,735.0,294.0,220.5,3.5,2,0.0,0,6.85
656,0.86,588.0,294.0,147.0,7.0,2,0.1,4,26.44
657,0.66,759.5,318.5,220.5,3.5,4,0.1,2,11.33
658,0.74,686.0,245.0,220.5,3.5,5,0.0,0,6.04
659,0.9,563.5,318.5,122.5,7.0,4,0.4,4,35.4
660,0.66,759.5,318.5,220.5,3.5,4,0.1,4,11.33
661,0.86,588.0,294.0,147.0,7.0,3,0.25,5,29.09
662,0.64,784.0,343.0,220.5,3.5,4,0.25,2,17.02
663,0.98,514.5,294.0,110.25,7.0,2,0.25,1,28.15
664,0.69,735.0,294.0,220.5,3.5,4,0.25,3,12.31
665,0.9,563.5,318.5,122.5,7.0,5,0.25,3,32.29
666,0.79,637.0,343.0,147.0,7.0,2,0.4,2,41.64
667,0.79,637.0,343.0,147.0,7.0,4,0.25,5,39.01
668,0.64,784.0,343.0,220.5,3.5,4,0.1,2,15.34
669,0.82,612.5,318.5,147.0,7.0,4,0.1,1,23.54
670,0.66,759.5,318.5,220.5,3.5,5,0.25,4,12.92
671,0.76,661.5,416.5,122.5,7.0,5,0.4,3,39.68
672,0.69,735.0,294.0,220.5,3.5,2,0.1,2,11.45
673,0.74,686.0,245.0,220.5,3.5,5,0.4,5,14.39
674,0.64,784.0,343.0,220.5,3.5,2,0.25,5,16.73
675,0.79,637.0,343.0,147.0,7.0,2,0.1,1,35.56
676,0.82,612.5,318.5,147.0,7.0,4,0.0,0,16.95
677,0.82,612.5,318.5,147.0,7.0,2,0.1,3,22.93
678,0.64,784.0,343.0,220.5,3.5,2,0.0,0,10.85
679,0.82,612.5,318.5,147.0,7.0,2,0.25,5,25.7
680,0.64,784.0,343.0,220.5,3.5,5,0.25,2,17.11
681,0.64,784.0,343.0,220.5,3.5,5,0.1,3,15.36
682,0.74,686.0,245.0,220.5,3.5,2,0.1,4,10.08
683,0.9,563.5,318.5,122.5,7.0,2,0.1,1,29.03
684,0.98,514.5,294.0,110.25,7.0,3,0.25,2,28.57
685,0.9,563.5,318.5,122.5,7.0,5,0.25,1,32.0
686,0.86,588.0,294.0,147.0,7.0,5,0.1,5,26.45
687,0.71,710.5,269.5,220.5,3.5,3,0.25,4,12.49
688,0.76,661.5,416.5,122.5,7.0,5,0.25,4,36.26
689,0.62,808.5,367.5,220.5,3.5,3,0.4,5,16.44
690,0.71,710.5,269.5,220.5,3.5,3,0.1,5,10.7
691,0.86,588.0,294.0,147.0,7.0,3,0.1,4,25.37
692,0.79,637.0,343.0,147.0,7.0,3,0.1,3,35.48
693,0.74,686.0,245.0,220.5,3.5,5,0.4,1,14.55
694,0.79,637.0,343.0,147.0,7.0,3,0.25,3,38.35
695,0.62,808.5,367.5,220.5,3.5,2,0.25,4,14.33
696,0.86,588.0,294.0,147.0,7.0,3,0.1,2,27.02
697,0.66,759.5,318.5,220.5,3.5,3,0.4,1,15.23
698,0.9,563.5,318.5,122.5,7.0,3,0.25,3,32.4
699,0.98,514.5,294.0,110.25,7.0,3,0.0,0,15.55
700,0.62,808.5,367.5,220.5,3.5,3,0.4,4,16.9
701,0.69,735.0,294.0,220.5,3.5,3,0.4,1,14.7
702,0.69,735.0,294.0,220.5,3.5,2,0.1,1,11.11
703,0.82,612.5,318.5,147.0,7.0,3,0.1,4,22.8
704,0.69,735.0,294.0,220.5,3.5,4,0.0,0,6.77
705,0.71,710.5,269.5,220.5,3.5,2,0.25,5,12.27
706,0.64,784.0,343.0,220.5,3.5,5,0.25,3,16.86
707,0.76,661.5,416.5,122.5,7.0,4,0.25,4,36.81
708,0.71,710.5,269.5,220.5,3.5,4,0.25,2,12.2
709,0.64,784.0,343.0,220.5,3.5,5,0.1,1,15.21
710,0.98,514.5,294.0,110.25,7.0,5,0.25,2,28.6
711,0.66,759.5,318.5,220.5,3.5,2,0.4,1,15.23
712,0.86,588.0,294.0,147.0,7.0,3,0.25,2,29.87
713,0.98,514.5,294.0,110.25,7.0,3,0.1,5,24.33
714,0.82,612.5,318.5,147.0,7.0,3,0.0,0,17.41
715,0.74,686.0,245.0,220.5,3.5,5,0.25,1,12.45
716,0.74,686.0,245.0,220.5,3.5,2,0.4,2,14.54
717,0.98,514.5,294.0,110.25,7.0,5,0.25,3,28.63
718,0.69,735.0,294.0,220.5,3.5,3,0.1,5,11.14
719,0.76,661.5,416.5,122.5,7.0,4,0.1,3,32.33
720,0.64,784.0,343.0,220.5,3.5,3,0.4,5,18.19
721,0.76,661.5,416.5,122.5,7.0,4,0.4,3,38.89
722,0.9,563.5,318.5,122.5,7.0,2,0.25,5,33.13
723,0.71,710.5,269.5,220.5,3.5,4,0.4,5,12.76
724,0.74,686.0,245.0,220.5,3.5,2,0.25,5,12.12
725,0.98,514.5,294.0,110.25,7.0,5,0.1,5,24.26
726,0.66,759.5,318.5,220.5,3.5,4,0.4,1,15.23
727,0.69,735.0,294.0,220.5,3.5,4,0.4,1,14.42
728,0.82,612.5,318.5,147.0,7.0,4,0.4,4,28.64
729,0.62,808.5,367.5,220.5,3.5,3,0.1,3,12.63
730,0.74,686.0,245.0,220.5,3.5,5,0.4,4,14.44
731,0.64,784.0,343.0,220.5,3.5,5,0.25,4,16.62
732,0.86,588.0,294.0,147.0,7.0,3,0.4,4,31.66
733,0.71,710.5,269.5,220.5,3.5,4,0.25,5,12.25
734,0.86,588.0,294.0,147.0,7.0,4,0.1,1,26.37
735,0.64,784.0,343.0,220.5,3.5,4,0.25,4,16.56
736,0.69,735.0,294.0,220.5,3.5,2,0.4,1,14.51
737,0.82,612.5,318.5,147.0,7.0,2,0.1,5,24.37
738,0.76,661.5,416.5,122.5,7.0,3,0.0,0,23.93
739,0.74,686.0,245.0,220.5,3.5,3,0.25,1,12.5
740,0.74,686.0,245.0,220.5,3.5,5,0.25,4,12.43
741,0.79,637.0,343.0,147.0,7.0,2,0.1,3,35.78
742,0.66,759.5,318.5,220.5,3.5,2,0.1,5,11.38
743,0.62,808.5,367.5,220.5,3.5,5,0.1,3,12.73
744,0.98,514.5,294.0,110.25,7.0,3,0.25,3,28.56
745,0.71,710.5,269.5,220.5,3.5,3,0.25,3,12.28
746,0.86,588.0,294.0,147.0,7.0,5,0.25,5,29.39
747,0.9,563.5,318.5,122.5,7.0,5,0.25,2,31.66
748,0.76,661.5,416.5,122.5,7.0,2,0.25,1,36.96
749,0.66,759.5,318.5,220.5,3.5,3,0.4,3,15.18
750,0.69,735.0,294.0,220.5,3.5,4,0.1,2,11.32
751,0.66,759.5,318.5,220.5,3.5,5,0.4,3,14.9
752,0.98,514.5,294.0,110.25,7.0,5,0.1,2,24.25
753,0.66,759.5,318.5,220.5,3.5,2,0.25,2,13.05
754,0.66,759.5,318.5,220.5,3.5,5,0.1,1,11.69
755,0.74,686.0,245.0,220.5,3.5,4,0.25,4,12.18
756,0.64,784.0,343.0,220.5,3.5,4,0.25,1,17.52
757,0.76,661.5,416.5,122.5,7.0,4,0.1,4,33.09
758,0.69,735.0,294.0,220.5,3.5,4,0.25,4,12.67
759,0.74,686.0,245.0,220.5,3.5,3,0.1,2,10.46
760,0.66,759.5,318.5,220.5,3.5,4,0.4,2,15.09
761,0.76,661.5,416.5,122.5,7.0,2,0.0,0,24.77
762,0.71,710.5,269.5,220.5,3.5,2,0.4,4,14.6
763,0.76,661.5,416.5,122.5,7.0,5,0.1,1,32.21
764,0.86,588.0,294.0,147.0,7.0,4,0.1,2,26.33
765,0.71,710.5,269.5,220.5,3.5,4,0.1,5,10.67
766,0.98,514.5,294.0,110.25,7.0,5,0.25,4,28.62
767,0.9,563.5,318.5,122.5,7.0,4,0.1,2,28.83
